{
    "attachment_folder": "_v_attachments",
    "created_time": "2020-10-13T06:08:56Z",
    "files": [
        {
            "attachment_folder": "",
            "attachments": [
            ],
            "created_time": "2020-10-13T06:21:46Z",
            "modified_time": "2020-10-29T01:49:37Z",
            "name": "myNote.md",
            "tags": [
            ]
        },
        {
            "attachment_folder": "20201013153319399_29946",
            "attachments": [
            ],
            "created_time": "2020-10-13T06:30:11Z",
            "modified_time": "2020-10-17T04:12:14Z",
            "name": "note_markdown基础语法笔记.md",
            "tags": [
            ]
        }
    ],
    "image_folder": "",
    "recycle_bin_folder": "_v_recycle_bin",
    "sub_directories": [
    ],
    "version": "1"
}
